claim_id,claim_text,supported_by_result_file,exact_metric,exact_value,confidence_interval,support_status,required_wording_adjustment,keep_in_paper
C1,ISMS-Bench provides a reproducible synthetic benchmark for evidence-grounded ISMS compliance pre-assessment.,data/benchmark/*v03*.jsonl; data/benchmark/paraphrase_stress_cases_v04.jsonl; data/attacks/adaptive_attack_cases_v04.jsonl; scripts/*.py,Generated deterministic benchmark artifacts,1700 non-attack cases plus 400 attack cases,not applicable,fully supported,State as synthetic and reproducible; do not imply real-world validation.,yes
C2,"The benchmark includes heldout, stress, mutation, paraphrase/multilingual, and advanced static adversarial cases.",experiments/results/by_split_v04.csv; data/attacks/adaptive_attack_summary_v04.json,Split sizes,500 heldout; 300 stress; 200 mutation; 200 paraphrase; 200 advanced static adversarials,not applicable,fully supported,Use exact split names and sizes.,yes
C3,BM25 is a credible lexical retrieval baseline but imperfect.,experiments/results/retrieval_eval_bm25_k5_v04.json,Recall@5,0.8673,not computed,fully supported,Avoid saying retrieval is solved; mention paraphrase/reranking future work.,yes
C4,Metadata-aware rules have slightly higher Macro-F1 than provenance-balanced assessment.,experiments/results/summary_v04.csv; experiments/results/bootstrap_ci_v04.csv,Macro-F1,metadata-aware 0.5830; provenance-balanced 0.5729,"metadata-aware [0.5631,0.6056]; provenance-balanced [0.5504,0.5941]",fully supported,Explicitly state provenance-balanced does not improve overall Macro-F1.,yes
C5,Provenance-balanced assessment reduces false compliance compared with metadata-aware rules.,experiments/results/summary_v04.csv; experiments/results/bootstrap_ci_v04.csv; experiments/results/method_comparison_tests_v04.csv,False compliance rate,0.1694 to 0.0971,"metadata-aware [0.1529,0.1888]; provenance-balanced [0.0859,0.1112]; paired reduction [0.0524,0.0906]",fully supported,"Frame as risk reduction, not accuracy improvement.",yes
C6,Conservative provenance assessment reduces false compliance further but increases abstention.,experiments/results/summary_v04.csv; experiments/results/bootstrap_ci_v04.csv,False compliance rate and abstention rate,false compliance 0.0288; abstention 0.4047,"false compliance [0.0218,0.0365]; abstention [0.3847,0.4300]",fully supported,State the abstention cost prominently.,yes
C7,Provenance-aware methods reduce residual attack risk compared with metadata-aware rules.,experiments/results/attack_metrics_by_method_v04.csv; experiments/results/bootstrap_ci_v04.csv,Residual attack risk score,metadata-aware 0.7660; provenance-balanced 0.3296; conservative 0.3184,"metadata-aware [0.7086,0.8240]; provenance-balanced [0.2924,0.3891]; conservative [0.2833,0.3717]",fully supported,"Say reduce, not eliminate.",yes
C8,Advanced static adversarial fixtures reveal residual unsafe-evidence risk.,experiments/results/attack_metrics_by_method_v04.csv; experiments/results/attack_metrics_by_type_v04.csv,Partial attack success rate,provenance-balanced static-fixture partial success 0.5550; conservative 0.5750,not computed by attack type; combined attack CI available,fully supported,Emphasize residual risk and generator dependence.,yes
C9,Heldout and paraphrase splits reduce template-coupling concerns.,experiments/results/by_split_v04.csv; scripts/check_generator_coupling.py,Heldout Macro-F1 and coupling check,development 0.6267; heldout 0.5421; paraphrase 0.4524; coupling check passed,not computed by split,partially supported,Say they mitigate coupling concerns; do not say coupling is eliminated.,yes
C10,The benchmark proves real-world effectiveness.,none,none,none,none,unsupported,Remove; replace with synthetic method-development limitation.,no
C11,The system certifies compliance or can replace auditors.,none,none,none,none,unsupported,Remove; state explicitly that it is pre-assessment only and humans remain responsible.,no
C12,Attack risk is eliminated by provenance methods.,experiments/results/attack_metrics_by_method_v04.csv,Partial attack success and residual attack risk,provenance-balanced attack success 0.3425; residual risk 0.3296,"residual risk [0.2924,0.3891]",unsupported,Replace with reduces full success and residual risk but partial risk remains.,no
C13,Fixed challenge cases reduce obvious generator-dependence concerns.,data/benchmark/independent_challenge_cases_v07.jsonl; experiments/results/external_validity_v07.csv,Challenge size and false compliance,80 fixed cases; conservative false compliance 0.0000 vs metadata-aware 0.0250,not computed,partially supported,State as a synthetic stress check; do not claim real-world validation.,yes
C14,The alternative generator supports the risk-reduction claim outside the original generator path.,src/kisec/benchmark/alt_generator_v07.py; experiments/results/external_validity_v07.csv,Alternative generator size and residual risk,400 cases; provenance-balanced residual risk 0.0000 vs metadata-aware 0.1000,not computed,partially supported,"Say it reduces original-template dependence, not project-level synthetic dependence.",yes
C15,Provenance-balanced is consistently better than metadata-aware rules under robustness and diagnostic checks.,experiments/results/external_validity_v07.csv,Macro-F1 and false compliance,independent Macro-F1 0.4788 vs 0.6481; paraphrase false compliance 0.2500 vs 0.0000,not computed,unsupported,Do not claim; state balanced provenance is not uniformly superior.,no
C16,Conservative provenance is the more consistent false-compliance reduction option under diagnostic stress checks.,experiments/results/external_validity_v07.csv,False compliance and abstention,independent false compliance 0.0000; paraphrase false compliance 0.0000; static-fixture false compliance 0.0000; independent abstention 0.4625; paraphrase abstention 0.5800,not computed,partially supported,Keep with explicit abstention cost.,yes
C17,False compliance is a security-relevant failure mode in AI-assisted ISMS pre-assessment.,paper/sections/04_problem_statement.tex; experiments/results/summary_v04.csv,False compliance rate,metadata-aware false compliance 0.1694 on main benchmark,not applicable,partially supported,Frame as a security risk demonstrated in benchmark conditions; do not claim real-world incidence.,yes
C18,"Provenance-aware assessment reduces risk-critical failures, with conservative provenance the clearest supported variant.",experiments/results/summary_v04.csv; experiments/results/attack_metrics_by_method_v04.csv; experiments/results/external_validity_v07.csv,False compliance and residual attack risk,conservative false compliance 0.0288; combined residual risk 0.3184; fixed-challenge false compliance 0.0000,"main false compliance [0.0218,0.0365]; combined residual risk [0.2833,0.3717]",fully supported for benchmark; partially supported by robustness and diagnostic checks,Foreground conservative provenance; avoid saying balanced provenance is consistently superior.,yes
C19,Advanced static adversarial fixtures reveal residual risk rather than perfect attack resistance.,experiments/results/attack_metrics_by_method_v04.csv; experiments/results/attack_metrics_by_type_v04.csv,Partial attack success and residual attack risk,provenance-conservative static-fixture partial success 0.5750; combined residual risk 0.3184,"combined residual risk [0.2833,0.3717]",fully supported,State reduce not eliminate.,yes
C20,The cited literature supports a research gap in AI-assisted ISMS assessment but not an exhaustive novelty proof.,paper/references.bib,Cited literature,Final bibliography supports cautious gap wording,not applicable,partially supported,Say reviewed literature indicates a gap; do not claim exhaustive absence of competing work.,yes
C21,A manually authored mini-split reduces the concern that results only measure generated templates.,data/benchmark/manual_challenge_cases_v09.jsonl; experiments/results/manual_challenge_v09.csv,Manual challenge size and false compliance,50 fixed manual cases; conservative false compliance 0.040 vs metadata-aware 0.100,not computed,partially supported,Keep as a generator-independent stress check; do not claim real-world validation.,yes
C22,Conservative provenance still reduces false compliance on the manual challenge set but loses classification utility.,experiments/results/manual_challenge_v09.csv,False compliance and Macro-F1,false compliance 0.100 to 0.040; Macro-F1 0.577 to 0.537,not computed,fully supported for manual mini-split,State manual set is small and project-authored.,yes
C23,The ACSAC paper foregrounds false-compliance risk and keeps major numerical claims aligned with result files.,paper/compile_status.json; paper/compile_log.txt,Compile status and paper source,compiled paper and result-backed tables,not applicable,fully supported for local package state,Keep title and abstract; verify final template manually before submission.,yes
C24,"The ACSAC framing is supported by stronger literature on ISMS, security assurance, compliance automation, continuous IT audit, regulatory retrieval, and GRC/LLM risks.",paper/references.bib,Literature,Final bibliography supports literature framing,not applicable,fully supported for citation-base strengthening,Use as literature support only; do not present it as empirical validation.,yes
C25,"The literature supports a gap for evidence-grounded ISMS false-compliance benchmarking, but not proof that no related benchmark exists.",paper/references.bib,Cited-literature framing,"Adjacent work is cited; the claim remains cautious",not applicable,partially supported,Use cautious wording such as reviewed literature does not provide; avoid exhaustive novelty claims.,yes
C26,The repository now contains a secure provider-agnostic LLM/RAG baseline pipeline.,src/kisec/llm/*; scripts/run_llm_baselines_v13.py; tests/test_v13_llm_external.py; experiments/results/llm_medium_150_summary_v14.csv,Pipeline validation and real subset runs,Real GPT OSS 120B runs completed; non-attack and attack parse error rate 0.000,not applicable,fully supported as infrastructure and subset evaluation,Report only real provider-backed results; do not report mock runs as performance.,yes
C27,Public/template-derived stress data supports source-confusion testing beyond the original synthetic generator.,data/benchmark/public_template_stress_v13.jsonl; experiments/results/public_template_stress_v13.csv; experiments/results/public_template_stress_analysis_v13.md,Public-template stress results,60 bundles; metadata-aware source attribution failure 0.667; provenance methods 0.000,not applicable,partially supported,"State as source-attribution stress testing, not real-world validation.",yes
C28,Real LLM/RAG baselines support the false-compliance motivation.,experiments/results/llm_medium_150_summary_v14.csv; experiments/results/llm_medium_150_analysis_v14.md,False compliance on non-attack LLM subset,zero-shot and BM25-RAG false compliance 0.107 on 150 non-attack cases,not applicable,fully supported for evaluated subset,Keep; say subset-based and model-specific.,yes
C29,Provenance prompting reduces false compliance on the real LLM/RAG non-attack subset.,experiments/results/llm_medium_150_summary_v14.csv,False compliance by LLM prompt variant,BM25-RAG false compliance 0.107; metadata 0.067; provenance prompt 0.020,not applicable,fully supported for evaluated subset,Keep; do not claim all prompts or models behave similarly.,yes
C30,Conservative LLM prompting removes full false-fulfilled attack success in the evaluated attack subset but does not eliminate partial unsafe-evidence acceptance.,experiments/results/llm_attack_150_summary_v14.csv; experiments/results/llm_attack_150_analysis_v14.md,Attack success and unsafe evidence,conservative full success 0.000; partial success 0.040; unsafe evidence 0.040,not applicable,fully supported for evaluated subset,"Keep; phrase as attack-risk reduction, not attack resistance.",yes
C31,Metadata prompting is not a monotonic LLM attack defense.,experiments/results/llm_attack_150_summary_v14.csv,Residual risk and unsafe evidence,metadata residual risk 0.081 vs BM25-RAG residual risk 0.027; metadata unsafe evidence 0.080,not applicable,fully supported for evaluated subset,Keep as cautionary interpretation.,yes
C32,LLM/RAG results are model-specific and subset-based.,experiments/results/llm_medium_150_summary_v14.csv; experiments/results/llm_attack_150_summary_v14.csv,LLM evaluation scope,one model; 150 non-attack cases; 150 attack cases,not applicable,fully supported as limitation,Keep in Limitations; do not generalize across LLMs or providers.,yes
C33,The public-document-derived split reduces document-generation dependence but is diagnostic stress evidence only.,data/benchmark/public_external_validation_cases_v18c.csv; data/benchmark/public_external_review_sheet_v18c.csv; data/external_public/public_ir_evidence_corpus_v18b.csv,Public-document-derived stress split and review status,46 cases; public source URLs and short excerpts/paraphrases; labels project-initial; external_review_status pending,not applicable,partially supported,Frame as diagnostic stress evidence only; do not call independent external validation or human review.,yes
C34,Metadata spoofing and missing metadata are direct threats to provenance-aware pre-assessment.,experiments/results/metadata_spoofing_ablation_v23.csv; experiments/results/metadata_spoofing_ablation_v23.md,Metadata-spoofing diagnostic,"50 selected metadata-sensitive cases; source-type spoofing raises metadata-aware false compliance from 0.260 to 0.500; validity spoofing raises provenance-balanced false compliance from 0.140 to 0.200; missing metadata causes conservative abstention 1.000 with no false fulfilled outcomes",not applicable,partially supported as diagnostic evidence,Keep as a small diagnostic ablation; do not claim complete metadata-spoofing robustness or ingestion-security coverage.,yes
C35,Reviewer-facing artifact maturity is improved through root documentation Makefile sanity tests and an expert-review protocol.,README.md; ARTIFACT.md; REPRODUCIBILITY.md; BENCHMARK_CARD.md; CLAIMS_AND_EVIDENCE.md; SCOPE_AND_LIMITATIONS.md; Makefile; external_validation_protocol/*; tests/test_artifact_readiness.py,Artifact readiness and validation planning,Documentation and tests added; no new empirical labels or expert annotations,not applicable,supported as artifact/documentation improvement,Do not frame the protocol as completed expert validation.,yes
C36,No completed independent expert validation is reported.,paper/sections/10_limitations.tex; paper/sections/10a_threats_to_validity.tex; external_validation_protocol/*,Explicit limitation and protocol-only evidence,Expert-review protocol exists but no completed independent annotations are reported,not applicable,fully supported as limitation,Keep visible in paper; do not imply expert validation.,yes
C37,Diagnostic checks mitigate but do not eliminate synthetic-data and generator-coupling concerns.,scripts/check_generator_coupling.py; data/benchmark/manual_challenge_cases_v09.jsonl; data/benchmark/public_external_validation_cases_v18c.jsonl; experiments/results/external_validity_v07.csv; experiments/results/metadata_spoofing_ablation_v23.csv,Diagnostic and robustness checks,Heldout independent alternative-generator manual public-document mutation paraphrase metadata-spoofing and adversarial checks exist,not applicable,partially supported,Frame as diagnostic mitigation not field validation.,yes
C38,Residual attack-risk ranking is checked under alternative heuristic weights.,scripts/run_residual_attack_risk_sensitivity.py; experiments/results/residual_attack_risk_sensitivity_v29.csv,Sensitivity check,Alternative weight settings recompute existing component metrics,not applicable,supported as diagnostic sensitivity check,Report component metrics separately; do not treat aggregate as validated loss function.,yes
C39,Several diagnostic surfaces reduce generator-coupling concerns but no completed external expert validation is reported.,"heldout templates; independent challenge set; alternative-generator set; manual challenge set; public-document-derived diagnostic split; mutation tests; metadata-spoofing diagnostics; adversarial fixtures; leakage checks",Diagnostic validation surfaces,Labels remain project-authored unless explicitly stated otherwise,not applicable,partially supported,"Distinguish project-authored independent cases from externally authored expert-adjudicated or real audit cases.",yes
